{
  "groups": [
    "prefetch_v2_all_0_20",
    "prefetch_v2_all_20_40",
    "prefetch_v2_all_280_300",
    "v0"
  ],
  "summaries": {
    "prefetch_v2_all_0_20": {
      "n_instances": 20,
      "n_success": 20,
      "success_rate": 1.0,
      "avg_steps": 11,
      "median_steps": 10.0,
      "stdev_steps": 3.656285143780717,
      "avg_steps_success": 11,
      "median_steps_success": 10.0,
      "avg_cost": 0.036686819999999995,
      "total_cost": 0.7337364,
      "avg_paging_ops": 0,
      "total_paging_ops": 0,
      "avg_total_lines": 0,
      "avg_unique_lines": 0,
      "avg_read_dup_rate": 0.0,
      "avg_front_25_explore": 0.8483333333333334,
      "avg_cache_hit_rate": 0.0
    },
    "prefetch_v2_all_20_40": {
      "n_instances": 20,
      "n_success": 20,
      "success_rate": 1.0,
      "avg_steps": 10.95,
      "median_steps": 8.5,
      "stdev_steps": 5.375137697134641,
      "avg_steps_success": 10.95,
      "median_steps_success": 8.5,
      "avg_cost": 0.0291074525,
      "total_cost": 0.58214905,
      "avg_paging_ops": 0.1,
      "total_paging_ops": 2,
      "avg_total_lines": 24.05,
      "avg_unique_lines": 24.05,
      "avg_read_dup_rate": 0.0,
      "avg_front_25_explore": 0.895,
      "avg_cache_hit_rate": 0.0
    },
    "prefetch_v2_all_280_300": {
      "n_instances": 3,
      "n_success": 2,
      "success_rate": 0.6666666666666666,
      "avg_steps": 15,
      "median_steps": 14,
      "stdev_steps": 8.54400374531753,
      "avg_steps_success": 10.5,
      "median_steps_success": 10.5,
      "avg_cost": 0.042589499999999995,
      "total_cost": 0.12776849999999998,
      "avg_paging_ops": 0,
      "total_paging_ops": 0,
      "avg_total_lines": 0,
      "avg_unique_lines": 0,
      "avg_read_dup_rate": 0.0,
      "avg_front_25_explore": 0.8888888888888888,
      "avg_cache_hit_rate": 0.0
    },
    "v0": {
      "n_instances": 44,
      "n_success": 40,
      "success_rate": 0.9090909090909091,
      "avg_steps": 11.477272727272727,
      "median_steps": 10.5,
      "stdev_steps": 5.955215171414342,
      "avg_steps_success": 12.1,
      "median_steps_success": 11.0,
      "avg_cost": 0.032435469318181816,
      "total_cost": 1.4271606499999998,
      "avg_paging_ops": 3.8863636363636362,
      "total_paging_ops": 171,
      "avg_total_lines": 633.1136363636364,
      "avg_unique_lines": 551.9318181818181,
      "avg_read_dup_rate": 0.10846036872601801,
      "avg_front_25_explore": 0.8056277056277056,
      "avg_cache_hit_rate": 0.0
    }
  },
  "n_trajectories": 87
}